"","logFC.x","AveExpr.x","t.x","P.Value.x","adj.P.Val.x","B.x","Antigen","logFC.y","AveExpr.y","t.y","P.Value.y","adj.P.Val.y","B.y"
"SmD1",2.69473277043686,0.602482768355475,5.87110537755448,2.0182191962787e-05,0.00143867326948237,7.22143818636776,"SmD1",1.28127843377235,0.602482768355475,4.25198457406789,0.000561711345197222,0.0224684538078889,4.06308725107572
"Cardiolipin",1.94373074744057,0.85402232916397,4.79683979364173,0.000171929529547683,0.00273023456619271,5.4653601369969,"Cardiolipin",1.25930610279709,0.85402232916397,4.73363110165517,0.000196399455639789,0.0157119564511831,4.78783707071534
"Tg",2.47070884071668,1.60566781643795,4.5286452406057,0.000312309994770316,0.00356925708308933,4.96681417075614,"Tg",1.00493875539141,1.60566781643795,2.80562949853256,0.0123438805792333,0.0822925371948886,1.83995243694495
"GP210",2.47930818231031,0.130398032750438,3.96218668155221,0.00104404890177969,0.00740898436511595,3.94511299144239,"GP210",1.62940925307502,0.130398032750438,3.96623635329272,0.00103501784026242,0.0250029102637278,3.6332875434294
"Sm RNP",1.89536304045019,0.280706562792253,3.93307574262342,0.00111134765476739,0.00740898436511595,3.89193621724975,"Sm RNP",1.22702503848472,0.280706562792253,3.87826356186147,0.00125014551318639,0.0250029102637278,3.49921226205778
"FBG IV",-1.16854276177743,-0.216030154045839,-3.69751253826758,0.00181010382024238,0.00965388704129272,3.47330251370935,"FBG IV",-0.755066862717414,-0.216030154045839,-3.63910384865285,0.00205383037106596,0.0267860176916946,3.14356269163421
"PM Scl75",1.6259614612378,0.106703344785936,3.12824645778362,0.00624658348371849,0.0258730010102507,2.4179877580958,"PM Scl75",1.16566437206618,0.106703344785936,3.4159242305378,0.00337674405175138,0.0337674405175138,2.78533863366777
"Ro SSA 52",1.28555555071293,-0.159708535417703,2.95081473051395,0.00900650382120994,0.032750922986218,2.10367825602363,"Ro SSA 52",0.917072684331535,-0.159708535417703,3.20626079919504,0.00522264077091182,0.0464234735192162,2.46728931709563
